{
  "DEBUG": [false],
  "NUM_GENS": [21000],
  "START_TIME_AGO": [21000],
  "STEPSIZE": [1],
  "T2": [399390.014109261],
  "T1": [577320.949639601],
  "CS": [0.55628772044283],
  "AS": [0.389825983445091],
  "NE": [49420.6884018055],
  "Na": [5459.6465846539],
  "Nc": [4228.73053543159],
  "Ns": [12124.7574476918],
  "mut_rate": [3.58006392893302e-09],
  "POP_SIZE": [100.392709060039],
  "P_D": [0.299527416671643],
  "DISPERSAL_SIGMA": [1.30109586589409],
  "YEAR_SHAPE": [1.56283750502473],
  "id": ["posterior_median"]
}
